波长(nm),大气消光系数(cm⁻¹)
3000.0,3.28406773261224e-06
3001.0,3.2838967015015073e-06
3002.0,3.283725836407766e-06
3003.0,3.284146349831468e-06
3004.0,3.134326803540801e-06
3005.0,3.1341596613783036e-06
3006.0,3.133992772356272e-06
3007.0,3.1338256281473953e-06
3008.0,3.119529000667747e-06
3009.0,3.1193624470620003e-06
3010.0,3.11919648416152e-06
3011.0,3.1190298875882917e-06
3012.0,3.118687981665383e-06
3013.0,3.063143314846982e-06
3014.0,3.062979626664463e-06
3015.0,3.0628154357709193e-06
3016.0,3.0626516858204004e-06
3017.0,2.984570686918489e-06
3018.0,2.9844092239601494e-06
3019.0,2.984248596038499e-06
3020.0,2.984086393099399e-06
3021.0,2.9825130366190283e-06
3022.0,2.9917658971158285e-06
3023.0,2.9916072594625605e-06
3024.0,2.991447293013835e-06
3025.0,2.991286841080862e-06
3026.0,2.921090273858925e-06
3027.0,2.9209330064385767e-06
3028.0,2.9207756386535126e-06
3029.0,2.9206183180829493e-06
3030.0,2.918562754677489e-06
3031.0,2.8164975575660268e-06
3032.0,2.8163437978305865e-06
3033.0,2.81619133011919e-06
3034.0,2.816039132249933e-06
3035.0,2.7088625703920792e-06
3036.0,2.708713592714459e-06
3037.0,2.7085648053121447e-06
3038.0,2.7084158416125738e-06
3039.0,2.7074744781336155e-06
3040.0,2.626480310564645e-06
3041.0,2.626335692425775e-06
3042.0,2.6261905318536347e-06
3043.0,2.6260454022829608e-06
3044.0,2.625901444510934e-06
3045.0,2.5578302968582317e-06
3046.0,2.5576891648575126e-06
3047.0,2.557546575448355e-06
3048.0,2.5566265860489614e-06
3049.0,2.5575312479272597e-06
3050.0,2.5573898474428762e-06
3051.0,2.557248542086747e-06
3052.0,2.5571077914534714e-06
3053.0,2.5569659542822943e-06
3054.0,2.639242612244518e-06
3055.0,2.639098646416957e-06
3056.0,2.6389551851301953e-06
3057.0,2.6388113508036317e-06
3058.0,2.6376180842913483e-06
3059.0,2.7261764955751076e-06
3060.0,2.72603089988045e-06
3061.0,2.7258846360503216e-06
3062.0,2.725738692219062e-06
3063.0,2.7939327643328165e-06
3064.0,2.793785034350845e-06
3065.0,2.7936368267322945e-06
3066.0,2.793489120057612e-06
3067.0,2.7927889416359305e-06
3068.0,2.8353284552323316e-06
3069.0,2.835180837435914e-06
3070.0,2.8350320948830714e-06
3071.0,2.834883007654258e-06
3072.0,2.834735225680467e-06
3073.0,2.843426449880241e-06
3074.0,2.8432785802099e-06
3075.0,2.843129871501236e-06
3076.0,2.842128695221096e-06
3077.0,2.723310507815076e-06
3078.0,2.7231659649437195e-06
3079.0,2.7230215899795287e-06
3080.0,2.7228787206754293e-06
3081.0,2.7227337961182915e-06
3082.0,2.6726348591072623e-06
3083.0,2.6724932284421828e-06
3084.0,2.672351287145945e-06
3085.0,2.6722086574396876e-06
3086.0,2.6718672728447736e-06
3087.0,2.6012195884898354e-06
3088.0,2.601079374960035e-06
3089.0,2.600940490904222e-06
3090.0,2.600800083398778e-06
3091.0,2.6006608220438495e-06
3092.0,2.5030150321706355e-06
3093.0,2.502879642265246e-06
3094.0,2.502742368966242e-06
3095.0,2.5026071531239162e-06
3096.0,2.512613506738726e-06
3097.0,2.5124763015938993e-06
3098.0,2.512340995169644e-06
3099.0,2.512204422049775e-06
3100.0,2.512069347787516e-06
3101.0,2.536779607350184e-06
3102.0,2.536643025480756e-06
3103.0,2.5365053443830593e-06
3104.0,2.5363689743634892e-06
3105.0,2.536634869834928e-06
3106.0,2.6231210293806493e-06
3107.0,2.6229805376075193e-06
3108.0,2.622839986647903e-06
3109.0,2.6227004181937943e-06
3110.0,2.6225599245330586e-06
3111.0,2.776108272079745e-06
3112.0,2.775962336765662e-06
3113.0,2.7758178217047622e-06
3114.0,2.7756719484214606e-06
3115.0,2.7769052369715535e-06
3116.0,3.0189594835486583e-06
3117.0,3.018806166253559e-06
3118.0,3.0186531703597562e-06
3119.0,3.018501244231648e-06
3120.0,3.018347370841813e-06
3121.0,3.132648972800459e-06
3122.0,3.132493078725809e-06
3123.0,3.132337589144155e-06
3124.0,3.1321825056501556e-06
3125.0,3.133926523540022e-06
3126.0,3.2244232394809365e-06
3127.0,3.2242643545855597e-06
3128.0,3.2241045850346112e-06
3129.0,3.223946046171895e-06
3130.0,3.2750759041482422e-06
3131.0,3.2749151920667693e-06
3132.0,3.274753881360544e-06
3133.0,3.274593055980957e-06
3134.0,3.2778106441761683e-06
3135.0,3.182511123036e-06
3136.0,3.182350278642561e-06
3137.0,3.182189132664475e-06
3138.0,3.1820268684514176e-06
3139.0,3.1818664340083356e-06
3140.0,3.1899150548745377e-06
3141.0,3.189753465672631e-06
3142.0,3.1895915793957626e-06
3143.0,3.189429546253242e-06
3144.0,3.193211073835307e-06
3145.0,3.332240787118048e-06
3146.0,3.3320724797382685e-06
3147.0,3.331904892764002e-06
3148.0,3.331736083173558e-06
3149.0,3.3315680678552118e-06
3150.0,3.555640009526606e-06
3151.0,3.555466194797651e-06
3152.0,3.5552911254184393e-06
3153.0,3.5551170301113503e-06
3154.0,3.5571777926259585e-06
3155.0,3.867534233514572e-06
3156.0,3.867349691119256e-06
3157.0,3.867164370907211e-06
3158.0,3.866980408688472e-06
3159.0,3.8667965647612275e-06
3160.0,4.131304982377646e-06
3161.0,4.131111871595056e-06
3162.0,4.130918066790707e-06
3163.0,4.130724553566902e-06
3164.0,4.128540875216094e-06
3165.0,4.14842541996504e-06
3166.0,4.148229686146017e-06
3167.0,4.148033230755373e-06
3168.0,4.147837122329402e-06
3169.0,4.147641269340912e-06
3170.0,4.024141912526253e-06
3171.0,4.023943674691125e-06
3172.0,4.02374590644682e-06
3173.0,4.023547830570109e-06
3174.0,4.0178730173662485e-06
3175.0,3.7982818799295544e-06
3176.0,3.7980911876494803e-06
3177.0,3.79789984945464e-06
3178.0,3.797710215654481e-06
3179.0,3.7975186577109866e-06
3180.0,3.4396583348080907e-06
3181.0,3.4394759318794102e-06
3182.0,3.439294721204729e-06
3183.0,3.4391131231224955e-06
3184.0,3.4345704389330947e-06
3185.0,3.0246634655288242e-06
3186.0,3.024498355187995e-06
3187.0,3.0243340629524175e-06
3188.0,3.0241690135983978e-06
3189.0,3.024004367670285e-06
3190.0,2.586173936721238e-06
3191.0,2.586028235748101e-06
3192.0,2.5858821293992993e-06
3193.0,2.585737197133483e-06
3194.0,2.5835160576637207e-06
3195.0,2.190694511933852e-06
3196.0,2.190571817030807e-06
3197.0,2.190448104951431e-06
3198.0,2.1903248178571848e-06
3199.0,2.1902009055858076e-06
3200.0,1.9658510230272355e-06
3201.0,1.965741452769745e-06
3202.0,1.9656316965867987e-06
3203.0,1.9655220838889626e-06
3204.0,1.9654124563387794e-06
3205.0,1.964035976719421e-06
3206.0,1.859303834978523e-06
3207.0,1.8592017705851399e-06
3208.0,1.8590988124544199e-06
3209.0,1.858996680065585e-06
3210.0,1.858894418985133e-06
3211.0,1.8605573974188935e-06
3212.0,1.860454720221361e-06
3213.0,1.8603521820696994e-06
3214.0,1.860249318308064e-06
3215.0,1.859499302545995e-06
3216.0,1.9721846501419203e-06
3217.0,1.972075048766664e-06
3218.0,1.97196494859803e-06
3219.0,1.971854956315254e-06
3220.0,1.9717452150043532e-06
3221.0,2.0998896352962216e-06
3222.0,2.099771020950772e-06
3223.0,2.099652360268274e-06
3224.0,2.099534252576841e-06
3225.0,2.0990422493186665e-06
3226.0,2.2299882218226767e-06
3227.0,2.229860473933428e-06
3228.0,2.229734025609906e-06
3229.0,2.229606160986839e-06
3230.0,2.2294791921736184e-06
3231.0,2.2293523751962464e-06
3232.0,2.4136968760236254e-06
3233.0,2.4135582589440754e-06
3234.0,2.413418673130449e-06
3235.0,2.413279796928923e-06
3236.0,2.413394278104577e-06
3237.0,2.4985430996303857e-06
3238.0,2.4983979739683097e-06
3239.0,2.4982525819775354e-06
3240.0,2.498106742181626e-06
3241.0,2.497961253438902e-06
3242.0,2.510834082357818e-06
3243.0,2.5106873213226213e-06
3244.0,2.5105409170422534e-06
3245.0,2.51039501820646e-06
3246.0,2.5117686911223262e-06
3247.0,2.550805372315405e-06
3248.0,2.5506558394225894e-06
3249.0,2.5505063681564523e-06
3250.0,2.5503571035902656e-06
3251.0,2.550207921765506e-06
3252.0,2.5500589407744326e-06
3253.0,2.496180070701452e-06
3254.0,2.4960345174139053e-06
3255.0,2.4958898122329434e-06
3256.0,2.4957449527005654e-06
3257.0,2.497154382906821e-06
3258.0,2.4420109128948876e-06
3259.0,2.441869583608562e-06
3260.0,2.4417283670205604e-06
3261.0,2.44158748416342e-06
3262.0,2.441446436682974e-06
3263.0,2.5400992614551834e-06
3264.0,2.5399535933509524e-06
3265.0,2.5398081799587574e-06
3266.0,2.5396629721120306e-06
3267.0,2.5404914003982404e-06
3268.0,2.692542483550733e-06
3269.0,2.69238900972218e-06
3270.0,2.692236101962954e-06
3271.0,2.6920825261875784e-06
3272.0,2.69192929853346e-06
3273.0,2.6917764200989934e-06
3274.0,2.849808638969104e-06
3275.0,2.8496483342233397e-06
3276.0,2.8494872993515023e-06
3277.0,2.8493265117920983e-06
3278.0,2.850195871401381e-06
3279.0,3.0156626407494537e-06
3280.0,3.0154946053921174e-06
3281.0,3.0153271982853518e-06
3282.0,3.015160029321784e-06
3283.0,3.014992685675689e-06
3284.0,3.0148254111665803e-06
3285.0,3.016057148861944e-06
3286.0,3.015890928945849e-06
3287.0,3.015724638983547e-06
3288.0,3.015558590910141e-06
3289.0,3.016374652315592e-06
3290.0,2.856783749137075e-06
3291.0,2.8566237288775367e-06
3292.0,2.8564635973374906e-06
3293.0,2.8563033350224476e-06
3294.0,2.8561435438482846e-06
3295.0,2.6411684797202316e-06
3296.0,2.641016437860814e-06
3297.0,2.640864086352435e-06
3298.0,2.6407123967935475e-06
3299.0,2.640560204667297e-06
3300.0,2.6421497802114074e-06
3301.0,2.3789024124933595e-06
3302.0,2.378759484924332e-06
3303.0,2.378617352717863e-06
3304.0,2.3784755417789568e-06
3305.0,2.378332879030339e-06
3306.0,2.0380144224227493e-06
3307.0,2.0378896249257546e-06
3308.0,2.0377643197575296e-06
3309.0,2.0376396026752543e-06
3310.0,2.037515168503022e-06
3311.0,2.0383856028949135e-06
3312.0,1.839330148918373e-06
3313.0,1.8392155858861815e-06
3314.0,1.8391010491865215e-06
3315.0,1.8389865349541768e-06
3316.0,1.8388721921242614e-06
3317.0,2.0351616873650446e-06
3318.0,2.0350348633419742e-06
3319.0,2.034908420172946e-06
3320.0,2.034781532661213e-06
3321.0,2.0346548246116774e-06
3322.0,2.035110789551772e-06
3323.0,2.414310973056084e-06
3324.0,2.4141613659802145e-06
3325.0,2.4140118652792624e-06
3326.0,2.413861934390739e-06
3327.0,2.4137127423621817e-06
3328.0,2.7965611558092564e-06
3329.0,2.7963946732822154e-06
3330.0,2.7962281219384416e-06
3331.0,2.7960614245156775e-06
3332.0,2.795894754133683e-06
3333.0,2.7979487017309266e-06
3334.0,3.010611896020946e-06
3335.0,3.0104393335764024e-06
3336.0,3.010266196187473e-06
3337.0,3.010093528269478e-06
3338.0,3.0099207017972505e-06
3339.0,3.075634717837749e-06
3340.0,3.0754618062815895e-06
3341.0,3.075288420189503e-06
3342.0,3.0751156783332625e-06
3343.0,3.0749433666647468e-06
3344.0,3.0773185642035574e-06
3345.0,3.098389350919252e-06
3346.0,3.0982143279548863e-06
3347.0,3.098040156819184e-06
3348.0,3.0978662456356638e-06
3349.0,3.0976920688255526e-06
3350.0,3.097517752260724e-06
3351.0,3.0731031194741807e-06
3352.0,3.0729290808330394e-06
3353.0,3.072755329753103e-06
3354.0,3.0725816667186213e-06
3355.0,3.0750773205435706e-06
3356.0,3.1308798297087023e-06
3357.0,3.130700004718938e-06
3358.0,3.130520769882332e-06
3359.0,3.1303416945886563e-06
3360.0,3.1301623543868325e-06
3361.0,3.1299834451427052e-06
3362.0,3.2000216583076558e-06
3363.0,3.1998369446148396e-06
3364.0,3.1996524279196317e-06
3365.0,3.199467895401363e-06
3366.0,3.2015440552325605e-06
3367.0,3.20135898661361e-06
3368.0,3.2875961214387286e-06
3369.0,3.287403606669571e-06
3370.0,3.2872111650842258e-06
3371.0,3.2870188063818093e-06
3372.0,3.2868265299820716e-06
3373.0,3.391373752379622e-06
3374.0,3.3911738113469826e-06
3375.0,3.390973373032214e-06
3376.0,3.390772878569925e-06
3377.0,3.390572857299225e-06
3378.0,3.3921992974333846e-06
3379.0,3.482053891557594e-06
3380.0,3.4818451895452815e-06
3381.0,3.4816370986596417e-06
3382.0,3.481429014382008e-06
3383.0,3.4812208824386927e-06
3384.0,3.4810122908632893e-06
3385.0,3.5565187471772028e-06
3386.0,3.5563054387323982e-06
3387.0,3.5560916581575292e-06
3388.0,3.5558787315999684e-06
3389.0,3.5574826050884333e-06
3390.0,3.598589451214895e-06
3391.0,3.5983727508045485e-06
3392.0,3.598156245315564e-06
3393.0,3.5979400373832826e-06
3394.0,3.5977240325543308e-06
3395.0,3.597507831098645e-06
3396.0,3.6384272051124916e-06
3397.0,3.6382102901469653e-06
3398.0,3.6379923697038275e-06
3399.0,3.6377756071401567e-06
3400.0,3.637558254874048e-06
3401.0,3.6390270520256474e-06
3402.0,3.6665593575740927e-06
3403.0,3.6663409590378035e-06
3404.0,3.6661224870397045e-06
3405.0,3.665904147496955e-06
3406.0,3.6656855122237754e-06
3407.0,3.665467718858093e-06
3408.0,3.7475265784832376e-06
3409.0,3.747303457232615e-06
3410.0,3.747080982548572e-06
3411.0,3.74685887279105e-06
3412.0,3.747917390950498e-06
3413.0,3.858288605972351e-06
3414.0,3.858059353427862e-06
3415.0,3.857829342406868e-06
3416.0,3.857599695306611e-06
3417.0,3.857370239336934e-06
3418.0,3.857140787037017e-06
3419.0,3.932137153418567e-06
3420.0,3.931903399243043e-06
3421.0,3.9316700645441685e-06
3422.0,3.9314360399349695e-06
3423.0,3.93120291581866e-06
3424.0,3.931895584931276e-06
3425.0,4.015081461653983e-06
3426.0,4.0148436108180726e-06
3427.0,4.014605969648904e-06
3428.0,4.0143684308989985e-06
3429.0,4.014131111142644e-06
3430.0,4.0138929437042775e-06
3431.0,4.045958085621175e-06
3432.0,4.045721282881002e-06
3433.0,4.045483648215797e-06
3434.0,4.0452475435297285e-06
3435.0,4.045010050941397e-06
3436.0,4.04540039111705e-06
3437.0,4.08099708514894e-06
3438.0,4.080760085566601e-06
3439.0,4.080524324550466e-06
3440.0,4.08028841108711e-06
3441.0,4.0800522773147385e-06
3442.0,4.079817034862698e-06
3443.0,4.138396811914774e-06
3444.0,4.138160154944223e-06
3445.0,4.137924248462183e-06
3446.0,4.137687525293248e-06
3447.0,4.137451709026891e-06
3448.0,4.137938918921295e-06
3449.0,4.192920091633407e-06
3450.0,4.1926836866552655e-06
3451.0,4.192446833730542e-06
3452.0,4.192210314613662e-06
3453.0,4.191973876006538e-06
3454.0,4.19173693444998e-06
3455.0,4.260195397945623e-06
3456.0,4.259957384680288e-06
3457.0,4.259719521649849e-06
3458.0,4.259481447300351e-06
3459.0,4.259244166116239e-06
3460.0,4.259422177703049e-06
3461.0,4.282501369902911e-06
3462.0,4.2822616799799545e-06
3463.0,4.2820222719301504e-06
3464.0,4.281783792239623e-06
3465.0,4.281544303548917e-06
3466.0,4.281305428966462e-06
3467.0,4.283845869193391e-06
3468.0,4.283607683380147e-06
3469.0,4.283369453638186e-06
3470.0,4.283131191378887e-06
3471.0,4.282892893516038e-06
3472.0,4.282875303877904e-06
3473.0,4.283830005248677e-06
3474.0,4.283592176431986e-06
3475.0,4.283354013769261e-06
3476.0,4.283116461052867e-06
3477.0,4.282878587131259e-06
3478.0,4.282641020133356e-06
3479.0,4.317861383409561e-06
3480.0,4.317624214204688e-06
3481.0,4.317387037900508e-06
3482.0,4.317150133793452e-06
3483.0,4.316913281986145e-06
3484.0,4.316793962272324e-06
3485.0,4.386010197304813e-06
3486.0,4.385774801559576e-06
3487.0,4.385538682446998e-06
3488.0,4.385302891977141e-06
3489.0,4.385067271421167e-06
3490.0,4.38483155081043e-06
3491.0,4.511317912895412e-06
3492.0,4.51108378056141e-06
3493.0,4.5108495015929035e-06
3494.0,4.510614788885018e-06
3495.0,4.510380724349855e-06
3496.0,4.510239924907648e-06
3497.0,4.6230298227605894e-06
3498.0,4.622799457207005e-06
3499.0,4.622569099856783e-06
3500.0,4.622338706705495e-06
3501.0,4.622108885363155e-06
3502.0,4.621665882150839e-06
3503.0,4.693748467925086e-06
3504.0,4.693523248420994e-06
3505.0,4.693298135682195e-06
3506.0,4.69307313013952e-06
3507.0,4.692848054451377e-06
3508.0,4.6925957804709445e-06
3509.0,4.690126804456371e-06
3510.0,4.6899067349164726e-06
3511.0,4.68968576440796e-06
3512.0,4.6894652060419476e-06
3513.0,4.689244321043727e-06
3514.0,4.689024409377613e-06
3515.0,4.579029910413641e-06
3516.0,4.5788114801235425e-06
3517.0,4.578592595299166e-06
3518.0,4.5783745752987975e-06
3519.0,4.578155839769349e-06
3520.0,4.577846859983619e-06
3521.0,4.5776288618845925e-06
3522.0,4.426341425783012e-06
3523.0,4.426123507947768e-06
3524.0,4.42590523515642e-06
3525.0,4.425687626175854e-06
3526.0,4.425469844983954e-06
3527.0,4.42525187828734e-06
3528.0,4.25602059205432e-06
3529.0,4.255803968600324e-06
3530.0,4.255587876252921e-06
3531.0,4.25537204483777e-06
3532.0,4.25515597309504e-06
3533.0,4.2548566868702725e-06
3534.0,4.1452150291428825e-06
3535.0,4.145001802386306e-06
3536.0,4.144788045981801e-06
3537.0,4.144574492720469e-06
3538.0,4.144361145626478e-06
3539.0,4.1441484710649e-06
3540.0,4.1313198418012364e-06
3541.0,4.131107745487233e-06
3542.0,4.130895204060706e-06
3543.0,4.130683689509527e-06
3544.0,4.13047179156663e-06
3545.0,4.130166037382229e-06
3546.0,4.129954147607629e-06
3547.0,4.147625677863536e-06
3548.0,4.147415915327914e-06
3549.0,4.147206587495392e-06
3550.0,4.146997695010839e-06
3551.0,4.1467885456100705e-06
3552.0,4.14657939119435e-06
3553.0,4.187939928932147e-06
3554.0,4.1877311772635616e-06
3555.0,4.187522335435678e-06
3556.0,4.1873135904923575e-06
3557.0,4.187104524237451e-06
3558.0,4.1868108613065825e-06
3559.0,4.1927673990877805e-06
3560.0,4.192557093490484e-06
3561.0,4.192347584753627e-06
3562.0,4.192137948292941e-06
3563.0,4.191928747995822e-06
3564.0,4.19171934394221e-06
3565.0,4.1915097318589976e-06
3566.0,4.1283188480298584e-06
3567.0,4.1281102068795856e-06
3568.0,4.127902401970926e-06
3569.0,4.127694549669235e-06
3570.0,4.127486468584747e-06
3571.0,4.127234258543502e-06
3572.0,4.1124143012968206e-06
3573.0,4.11220578919755e-06
3574.0,4.111997211372755e-06
3575.0,4.111788803012272e-06
3576.0,4.111580692261596e-06
3577.0,4.111372553971039e-06
3578.0,4.124322259208913e-06
3579.0,4.124113180444523e-06
3580.0,4.12390475731639e-06
3581.0,4.123696000133402e-06
3582.0,4.123487717467356e-06
3583.0,4.123266521062144e-06
3584.0,4.123058618233051e-06
3585.0,4.173570149259362e-06
3586.0,4.173361831527889e-06
3587.0,4.17315309502361e-06
3588.0,4.172944700582668e-06
3589.0,4.172736556846184e-06
3590.0,4.172528322349126e-06
3591.0,4.300936379383405e-06
3592.0,4.300726979861226e-06
3593.0,4.300516749003246e-06
3594.0,4.300306346481175e-06
3595.0,4.30009665182818e-06
3596.0,4.299920978114506e-06
3597.0,4.299711048351531e-06
3598.0,4.429788452898685e-06
3599.0,4.4295769332968935e-06
3600.0,4.429365665027571e-06
3601.0,4.429153569623544e-06
3602.0,4.428942416571407e-06
3603.0,4.428731313380053e-06
3604.0,4.5306068310315e-06
3605.0,4.530396189807663e-06
3606.0,4.530185060676439e-06
3607.0,4.529974652966264e-06
3608.0,4.52976356004634e-06
3609.0,4.5296203788507665e-06
3610.0,4.529409513331115e-06
3611.0,4.66776192220406e-06
3612.0,4.667551422495645e-06
3613.0,4.667341555108066e-06
3614.0,4.667131425528899e-06
3615.0,4.666921370867116e-06
3616.0,4.666711597623667e-06
3617.0,4.781802879313558e-06
3618.0,4.781590905859834e-06
3619.0,4.7813791340337614e-06
3620.0,4.781167492837648e-06
3621.0,4.780956259062669e-06
3622.0,4.780787757877309e-06
3623.0,4.780576477868037e-06
3624.0,4.848524154079844e-06
3625.0,4.848312844746802e-06
3626.0,4.848101489697507e-06
3627.0,4.847890487107253e-06
3628.0,4.847679263050486e-06
3629.0,4.847468397384944e-06
3630.0,4.969128310548334e-06
3631.0,4.9689152726644934e-06
3632.0,4.968702561900856e-06
3633.0,4.968489986042503e-06
3634.0,4.968277023796639e-06
3635.0,4.968064774406209e-06
3636.0,4.967772337341024e-06
3637.0,5.044319289518022e-06
3638.0,5.044104695843404e-06
3639.0,5.04388996470814e-06
3640.0,5.043675689031562e-06
3641.0,5.043461093978132e-06
3642.0,5.043247005939419e-06
3643.0,5.025022681075756e-06
3644.0,5.024812174675704e-06
3645.0,5.024601616826852e-06
3646.0,5.024391267377978e-06
3647.0,5.0241808740006505e-06
3648.0,5.023970304893074e-06
3649.0,5.02371400305115e-06
3650.0,4.960388166460011e-06
3651.0,4.960186123153961e-06
3652.0,4.959984068456083e-06
3653.0,4.959782188917297e-06
3654.0,4.959579962671129e-06
3655.0,4.959377919662394e-06
3656.0,4.959176243179194e-06
3657.0,4.765342372817763e-06
3658.0,4.76514964548533e-06
3659.0,4.764957649017818e-06
3660.0,4.764765707670731e-06
3661.0,4.764573850652702e-06
3662.0,4.764437196180844e-06
3663.0,4.764245572015938e-06
3664.0,4.530914744170113e-06
3665.0,4.530731107279801e-06
3666.0,4.53054841425221e-06
3667.0,4.530365315114396e-06
3668.0,4.530182233305078e-06
3669.0,4.529999357926852e-06
3670.0,4.451009791869321e-06
3671.0,4.450831053154359e-06
3672.0,4.450652505503022e-06
3673.0,4.450473938251734e-06
3674.0,4.4502953983588176e-06
3675.0,4.450117013912687e-06
3676.0,4.449954964531239e-06
3677.0,4.559050747775379e-06
3678.0,4.558869097045734e-06
3679.0,4.558687390727945e-06
3680.0,4.558505801249448e-06
3681.0,4.558324449881148e-06
3682.0,4.558142811691564e-06
3683.0,4.557961178420994e-06
3684.0,4.749979259281523e-06
3685.0,4.749791661280733e-06
3686.0,4.749604191382148e-06
3687.0,4.7494166471974855e-06
3688.0,4.7492292539100474e-06
3689.0,4.749019072212415e-06
3690.0,4.748831798748383e-06
3691.0,5.001525834434289e-06
3692.0,5.001331369203511e-06
3693.0,5.001137028016082e-06
3694.0,5.0009429854766875e-06
3695.0,5.000748695464201e-06
3696.0,5.000554163531892e-06
3697.0,5.177933684863392e-06
3698.0,5.177732071315318e-06
3699.0,5.177530277490716e-06
3700.0,5.17732886958387e-06
3701.0,5.177127288721733e-06
3702.0,5.1769261371998775e-06
3703.0,5.176636241738243e-06
3704.0,5.180165285409852e-06
3705.0,5.179962080930323e-06
3706.0,5.179758354257209e-06
3707.0,5.179555018552022e-06
3708.0,5.179351840917542e-06
3709.0,5.1791481983226245e-06
3710.0,5.178945110241647e-06
3711.0,5.178637804013964e-06
3712.0,5.178435624065086e-06
3713.0,5.178233688549613e-06
3714.0,5.178032346756796e-06
3715.0,5.177830405030651e-06
3716.0,5.177628907635459e-06
3717.0,5.177578108515256e-06
3718.0,5.155275660709822e-06
3719.0,5.155074508162821e-06
3720.0,5.154873377364327e-06
3721.0,5.154672144983149e-06
3722.0,5.154471325711708e-06
3723.0,5.154270271590643e-06
3724.0,5.154069391292837e-06
3725.0,5.092606293056769e-06
3726.0,5.092408771196086e-06
3727.0,5.09221106416998e-06
3728.0,5.09201372028892e-06
3729.0,5.0918163652260825e-06
3730.0,5.091715491044226e-06
3731.0,5.091518202669291e-06
3732.0,5.093623450351119e-06
3733.0,5.093430659140328e-06
3734.0,5.093237172413519e-06
3735.0,5.093044007697998e-06
3736.0,5.092851243599824e-06
3737.0,5.092658465580535e-06
3738.0,5.092465638348873e-06
3739.0,5.086506991916621e-06
3740.0,5.086316093529838e-06
3741.0,5.086124910403154e-06
3742.0,5.085934817049775e-06
3743.0,5.085743951726996e-06
3744.0,5.085536195809409e-06
3745.0,5.085345628613987e-06
3746.0,5.040567443209089e-06
3747.0,5.040380020829574e-06
3748.0,5.040192486889135e-06
3749.0,5.040004876201163e-06
3750.0,5.039818589310856e-06
3751.0,5.039630802315965e-06
3752.0,5.039444309712556e-06
3753.0,5.034916201336051e-06
3754.0,5.0347309293236734e-06
3755.0,5.034545169163979e-06
3756.0,5.0343597871069095e-06
3757.0,5.034175761924567e-06
3758.0,5.033981029155534e-06
3759.0,5.03379644207209e-06
3760.0,5.013244715073387e-06
3761.0,5.013058512301631e-06
3762.0,5.012871494458906e-06
3763.0,5.012686372908851e-06
3764.0,5.012500444810686e-06
3765.0,5.012314616127886e-06
3766.0,5.0121284392857645e-06
3767.0,4.9901277635462955e-06
3768.0,4.989940742450347e-06
3769.0,4.989753515615595e-06
3770.0,4.989566105778553e-06
3771.0,4.98938025396385e-06
3772.0,4.989192450827913e-06
3773.0,4.989014856661349e-06
3774.0,5.0241855416103966e-06
3775.0,5.023995719166516e-06
3776.0,5.023804673303714e-06
3777.0,5.023614565766164e-06
3778.0,5.023425392611264e-06
3779.0,5.023235869342093e-06
3780.0,5.0230464356827696e-06
3781.0,5.02082997450619e-06
3782.0,5.020637249872227e-06
3783.0,5.020445920375789e-06
3784.0,5.0202534159939145e-06
3785.0,5.020061041764488e-06
3786.0,5.019870068978901e-06
3787.0,5.019766381033911e-06
3788.0,5.0478906635229735e-06
3789.0,5.047697144462339e-06
3790.0,5.047504886702763e-06
3791.0,5.047311342767115e-06
3792.0,5.04711820384543e-06
3793.0,5.046925043189669e-06
3794.0,5.046732289706823e-06
3795.0,5.046539518946552e-06
3796.0,5.134132924727548e-06
3797.0,5.133938528799661e-06
3798.0,5.133743152105733e-06
3799.0,5.133549596694241e-06
3800.0,5.133354956305269e-06
3801.0,5.133284041900513e-06
3802.0,5.133089805713429e-06
3803.0,5.183609843962596e-06
3804.0,5.183416263213817e-06
3805.0,5.183223522593441e-06
3806.0,5.183031774820275e-06
3807.0,5.182838000225791e-06
3808.0,5.1826452246141115e-06
3809.0,5.182452838387072e-06
3810.0,5.274439043138593e-06
3811.0,5.274246183854102e-06
3812.0,5.274053132049734e-06
3813.0,5.273859650801036e-06
3814.0,5.273666454785177e-06
3815.0,5.273474257628095e-06
3816.0,5.27348658846279e-06
3817.0,5.342912388030516e-06
3818.0,5.342714465842837e-06
3819.0,5.342518200397371e-06
3820.0,5.342321805394866e-06
3821.0,5.342125406050756e-06
3822.0,5.341928213813233e-06
3823.0,5.341732182786669e-06
3824.0,5.341535367275673e-06
3825.0,5.2836985510750025e-06
3826.0,5.283498612294984e-06
3827.0,5.283299411886734e-06
3828.0,5.283099587108847e-06
3829.0,5.282900283410742e-06
3830.0,5.282911556235655e-06
3831.0,5.282712032428353e-06
3832.0,5.178390595650764e-06
3833.0,5.178186795313991e-06
3834.0,5.1779818079118005e-06
3835.0,5.177778026961247e-06
3836.0,5.177574188824063e-06
3837.0,5.177369739939363e-06
3838.0,5.1771659390238156e-06
3839.0,5.038589794228171e-06
3840.0,5.038381378167921e-06
3841.0,5.038173136038062e-06
3842.0,5.037965070046887e-06
3843.0,5.0377583229997975e-06
3844.0,5.0375502843015585e-06
3845.0,5.037519789267563e-06
3846.0,5.037312059978966e-06
3847.0,4.860589817985901e-06
3848.0,4.860382741964966e-06
3849.0,4.860176942441442e-06
3850.0,4.859969400937337e-06
3851.0,4.859763460553167e-06
3852.0,4.859557507127673e-06
3853.0,4.859351115168144e-06
3854.0,4.676870841783504e-06
3855.0,4.676666363045389e-06
3856.0,4.676462577881895e-06
3857.0,4.6762580898051695e-06
3858.0,4.676053682613404e-06
3859.0,4.67584997222061e-06
3860.0,4.675783377287241e-06
3861.0,4.675579037841673e-06
3862.0,4.497585434565845e-06
3863.0,4.497382903376492e-06
3864.0,4.497180867147464e-06
3865.0,4.49697788076692e-06
3866.0,4.496775634878152e-06
3867.0,4.496573479001429e-06
3868.0,4.496371822560191e-06
3869.0,4.376498855196919e-06
3870.0,4.376299133409165e-06
3871.0,4.37609898411319e-06
3872.0,4.375898705649327e-06
3873.0,4.375699238595351e-06
3874.0,4.375498636013995e-06
3875.0,4.375384203788389e-06
3876.0,4.346714882993571e-06
3877.0,4.346513497569993e-06
3878.0,4.346312701669992e-06
3879.0,4.346113102423893e-06
3880.0,4.345911890051114e-06
3881.0,4.345712404852475e-06
3882.0,4.345511781752739e-06
3883.0,4.345311685975515e-06
3884.0,4.389492520839148e-06
3885.0,4.389290251262004e-06
3886.0,4.389088086526905e-06
3887.0,4.38888544055157e-06
3888.0,4.388682907053547e-06
3889.0,4.3884808743555085e-06
3890.0,4.388357172873802e-06
3891.0,4.388154849829345e-06
3892.0,4.469716772296548e-06
3893.0,4.4695121215895455e-06
3894.0,4.469307540945224e-06
3895.0,4.469102813771456e-06
3896.0,4.468898735691915e-06
3897.0,4.468694297125794e-06
3898.0,4.468489990711234e-06
3899.0,4.506084523123602e-06
3900.0,4.505878572671693e-06
3901.0,4.5074137836431775e-06
3902.0,4.508952284869179e-06
3903.0,4.5104940520373265e-06
3904.0,4.512039226949619e-06
3905.0,4.5136534632575005e-06
3906.0,4.5152047486760046e-06
3907.0,4.532547118113506e-06
3908.0,4.534096193602234e-06
3909.0,4.535648852994141e-06
3910.0,4.5372039654685585e-06
3911.0,4.538762620985976e-06
3912.0,4.540324392219401e-06
3913.0,4.541890617316131e-06
3914.0,4.577693685910713e-06
3915.0,4.579266935838846e-06
3916.0,4.5808439332435595e-06
3917.0,4.5824237756867785e-06
3918.0,4.584007095047797e-06
3919.0,4.585592964052993e-06
3920.0,4.587183632703431e-06
3921.0,4.588828783327418e-06
3922.0,4.66208627497469e-06
3923.0,4.663756373034205e-06
3924.0,4.665429571864637e-06
3925.0,4.667107066619215e-06
3926.0,4.668788321067934e-06
3927.0,4.670472609496389e-06
3928.0,4.672160004885675e-06
3929.0,4.673851982047045e-06
3930.0,4.819981716102288e-06
3931.0,4.821851472071558e-06
3932.0,4.823725113536316e-06
3933.0,4.82560426865371e-06
3934.0,4.827485916214565e-06
3935.0,4.829373648736781e-06
3936.0,4.831308438218663e-06
3937.0,4.833204256374326e-06
3938.0,5.015614151828456e-06
3939.0,5.017766550718809e-06
3940.0,5.019924511231455e-06
3941.0,5.022086841561297e-06
3942.0,5.024255560087945e-06
3943.0,5.026430035147466e-06
3944.0,5.028609714565881e-06
3945.0,5.295676741972996e-06
3946.0,5.297897158075999e-06
3947.0,5.300122142120545e-06
3948.0,5.302353065839394e-06
3949.0,5.304590101126017e-06
3950.0,5.306833033079213e-06
3951.0,5.309081689329073e-06
3952.0,5.226351659156621e-06
3953.0,5.382399583218691e-06
3954.0,5.384972460426259e-06
3955.0,5.387552317389102e-06
3956.0,5.39014008741767e-06
3957.0,5.3927347684028565e-06
3958.0,5.395335554479677e-06
3959.0,5.397945861293811e-06
3960.0,5.400562192318581e-06
3961.0,5.465655253962831e-06
3962.0,5.468215060786777e-06
3963.0,5.47078239080862e-06
3964.0,5.4733564055522385e-06
3965.0,5.475937531707234e-06
3966.0,5.478526944532122e-06
3967.0,5.481149669524325e-06
3968.0,5.48375276480277e-06
3969.0,5.463864398802391e-06
3970.0,5.466290412807401e-06
3971.0,5.468722258000672e-06
3972.0,5.47116085605016e-06
3973.0,5.4736059973056375e-06
3974.0,5.476056803932453e-06
3975.0,5.4785144334747885e-06
3976.0,5.4809795959611125e-06
3977.0,5.400864501145183e-06
3978.0,5.403086177362846e-06
3979.0,5.405313551642405e-06
3980.0,5.407545885751856e-06
3981.0,5.409784516818225e-06
3982.0,5.412027691638516e-06
3983.0,5.414291792251187e-06
3984.0,5.416546089972649e-06
3985.0,5.364308923191056e-06
3986.0,5.366464336702526e-06
3987.0,5.368624457165652e-06
3988.0,5.370789266047484e-06
3989.0,5.372960523196919e-06
3990.0,5.3751360958071866e-06
3991.0,5.377316969941963e-06
3992.0,5.379503566259744e-06
3993.0,5.185171924633583e-06
3994.0,5.187179473662465e-06
3995.0,5.189191226013423e-06
3996.0,5.191208786656479e-06
3997.0,5.193230142961968e-06
3998.0,5.195256405204892e-06
3999.0,5.197291387336662e-06
4000.0,5.199327498137451e-06
4001.0,5.008882668380233e-06
4002.0,5.010844371956396e-06
4003.0,5.012810117403577e-06
4004.0,5.014782128997333e-06
4005.0,5.016758394249146e-06
4006.0,5.018582781915335e-06
4007.0,5.0205696156413634e-06
4008.0,5.0225609034866e-06
4009.0,4.8637007502307395e-06
4010.0,4.865662748125702e-06
4011.0,4.86764682561e-06
4012.0,4.869636421150204e-06
4013.0,4.871630479779937e-06
4014.0,4.8736299323113955e-06
4015.0,4.8756309421427015e-06
4016.0,4.877640485060523e-06
4017.0,4.712227549086867e-06
4018.0,4.714207280427923e-06
4019.0,4.7161919133559584e-06
4020.0,4.718181831970299e-06
4021.0,4.720177208528566e-06
4022.0,4.722176591638595e-06
4023.0,4.724182431773188e-06
4024.0,4.7261941849045285e-06
4025.0,4.535753834291104e-06
4026.0,4.537535124388611e-06
4027.0,4.539415900893907e-06
4028.0,4.541301945152884e-06
4029.0,4.543193123850689e-06
4030.0,4.545090012090118e-06
4031.0,4.54698527622621e-06
4032.0,4.5488914922001715e-06
4033.0,4.414133628138257e-06
4034.0,4.415938565779701e-06
4035.0,4.41774822916821e-06
4036.0,4.41956203246519e-06
4037.0,4.42138202972704e-06
4038.0,4.42319101891741e-06
4039.0,4.425019158673616e-06
4040.0,4.426852669227737e-06
4041.0,4.302315535865633e-06
4042.0,4.304043619625233e-06
4043.0,4.305778563600626e-06
4044.0,4.307515495053342e-06
4045.0,4.3092585145768324e-06
4046.0,4.3110041911731475e-06
4047.0,4.312735919922427e-06
4048.0,4.314490313979873e-06
4049.0,4.198959130687433e-06
4050.0,4.2006103394067795e-06
4051.0,4.202265946633335e-06
4052.0,4.203924740557334e-06
4053.0,4.205588489993489e-06
4054.0,4.207255983260261e-06
4055.0,4.208915162311897e-06
4056.0,4.2105919521382235e-06
4057.0,4.114431483441976e-06
4058.0,4.116046003356484e-06
4059.0,4.117664571493257e-06
4060.0,4.1192865169520425e-06
4061.0,4.12091429344476e-06
4062.0,4.12254554673288e-06
4063.0,4.124167980358017e-06
4064.0,4.125800336259362e-06
4065.0,4.127380288891003e-06
4066.0,3.990194258549298e-06
4067.0,3.991729196727618e-06
4068.0,3.993268052299088e-06
4069.0,3.994751140200843e-06
4070.0,3.99623045490113e-06
4071.0,3.99778247381016e-06
4072.0,3.999338099886257e-06
4073.0,4.00089794951224e-06
4074.0,3.8550885900367376e-06
4075.0,3.856532849994989e-06
4076.0,3.857981123132324e-06
4077.0,3.859433388465958e-06
4078.0,3.860888066998132e-06
4079.0,3.862347008841478e-06
4080.0,3.8638027481795155e-06
4081.0,3.8652689278509044e-06
4082.0,3.7362140439685306e-06
4083.0,3.7375629113979533e-06
4084.0,3.7389151967495885e-06
4085.0,3.740269813259594e-06
4086.0,3.741628816213303e-06
4087.0,3.7429909570160954e-06
4088.0,3.7443566011356618e-06
4089.0,3.74568782550321e-06
4090.0,3.6402859185088403e-06
4091.0,3.6414883190064424e-06
4092.0,3.6427334273304742e-06
4093.0,3.6439812058593273e-06
4094.0,3.6452315635660057e-06
4095.0,3.6464851633704916e-06
4096.0,3.647743188663127e-06
4097.0,3.6489963831694822e-06
4098.0,3.6502591055071794e-06
4099.0,3.558302569464704e-06
4100.0,3.5594088020219777e-06
4101.0,3.559223180953367e-06
4102.0,3.5590372722375587e-06
4103.0,3.558851914502024e-06
4104.0,3.5586666396430053e-06
4105.0,3.558480496421648e-06
4106.0,3.55829583625049e-06
4107.0,3.4402202272225756e-06
4108.0,3.44003775414432e-06
4109.0,3.439854725454798e-06
4110.0,3.439670889334466e-06
4111.0,3.4394879236309936e-06
4112.0,3.4393050558900335e-06
4113.0,3.4391221575401424e-06
4114.0,3.4389329790600298e-06
4115.0,3.4387504257726805e-06
4116.0,3.3072340894206283e-06
4117.0,3.3070541952030186e-06
4118.0,3.3068744535732283e-06
4119.0,3.3066948584597905e-06
4120.0,3.3065154382177263e-06
4121.0,3.306335009566806e-06
4122.0,3.306155895722086e-06
4123.0,3.3059763628833107e-06
4124.0,3.1583500712525344e-06
4125.0,3.1581744721087584e-06
4126.0,3.1579984528082397e-06
4127.0,3.157823031452757e-06
4128.0,3.157647748752926e-06
4129.0,3.1574721497706936e-06
4130.0,3.157296693284023e-06
4131.0,3.157115902909469e-06
4132.0,3.1569407947897436e-06
4133.0,2.978042567281294e-06
4134.0,2.977872004945421e-06
4135.0,2.9777015053208296e-06
4136.0,2.9775313886988803e-06
4137.0,2.977361112682248e-06
4138.0,2.9771914428071836e-06
4139.0,2.977020960384054e-06
4140.0,2.9768509798860943e-06
4141.0,2.781525503224891e-06
4142.0,2.7813618507814845e-06
4143.0,2.781198628054425e-06
4144.0,2.781035516262104e-06
4145.0,2.780871932778559e-06
4146.0,2.7807087299736e-06
4147.0,2.780545430386572e-06
4148.0,2.7803780863418786e-06
4149.0,2.780215344777891e-06
4150.0,2.5739707995379035e-06
4151.0,2.573815807865826e-06
4152.0,2.57366007897929e-06
4153.0,2.5735051861492103e-06
4154.0,2.573350281253694e-06
4155.0,2.5731948360656024e-06
4156.0,2.5730400220051295e-06
4157.0,2.572884903940696e-06
4158.0,2.572730386808808e-06
4159.0,2.289700368182654e-06
4160.0,2.2895581993984872e-06
4161.0,2.2894166654099706e-06
4162.0,2.2892745208604717e-06
4163.0,2.2891322477776207e-06
4164.0,2.2889903619906577e-06
4165.0,2.2888458764050914e-06
4166.0,2.2887040200455072e-06
4167.0,1.830127932330487e-06
4168.0,1.8300098904485007e-06
4169.0,1.8298915902556075e-06
4170.0,1.8297731306180706e-06
4171.0,1.8296550906534418e-06
4172.0,1.8295375455444827e-06
4173.0,1.8294196317029691e-06
4174.0,1.8293013326976138e-06
4175.0,1.8291836832643486e-06
4176.0,7.097498783190732e-07
4177.0,7.096813175181501e-07
4178.0,7.096119824726471e-07
4179.0,7.095427221844391e-07
4180.0,7.094742285258202e-07
4181.0,7.094053871154288e-07
4182.0,7.093359014651059e-07
4183.0,7.092667918418191e-07
4184.0,7.091977287977437e-07
4185.0,1.8312283471147403e-07
4186.0,1.8309252483163532e-07
4187.0,1.8306215042910953e-07
4188.0,1.8303213608475045e-07
4189.0,1.8300168468386836e-07
4190.0,1.8297122133432767e-07
4191.0,1.829408982893423e-07
4192.0,1.8291036119278e-07
4193.0,4.6913175275220543e-08
4194.0,4.6904175625738516e-08
4195.0,4.6894704041419596e-08
4196.0,4.688550644104722e-08
4197.0,4.687583977322494e-08
4198.0,4.686643517861316e-08
4199.0,4.685697468436181e-08
4200.0,4.684736509159195e-08
4201.0,4.6838062705247347e-08
4202.0,1.4332823188970602e-08
4203.0,1.4330080767950728e-08
4204.0,1.432731458205963e-08
4205.0,1.432416676364602e-08
4206.0,1.4321336952690155e-08
4207.0,1.4318130798190794e-08
4208.0,1.4315587203854847e-08
4209.0,1.4312681426627735e-08
4210.0,1.4309732370272801e-08
4211.0,5.816385049794647e-09
4212.0,5.815623510379943e-09
4213.0,5.814516145573586e-09
4214.0,5.813058152992299e-09
4215.0,5.81192736702181e-09
4216.0,5.810784653447736e-09
4217.0,5.8096287272996555e-09
4218.0,5.808462403438154e-09
4219.0,5.807289832159478e-09
4220.0,3.400499494241233e-09
4221.0,3.399738474222701e-09
4222.0,3.3989678303494048e-09
4223.0,3.3985256652754895e-09
4224.0,3.3977447364071327e-09
4225.0,3.3972871125255533e-09
4226.0,3.3961639360459387e-09
4227.0,3.396020814553333e-09
4228.0,3.3952135356945336e-09
4229.0,2.685274050088078e-09
4230.0,2.684545301529377e-09
4231.0,2.6844634282299702e-09
4232.0,2.6837269183606423e-09
4233.0,2.6833079428955662e-09
4234.0,2.682561991914384e-09
4235.0,2.6821348046956595e-09
4236.0,2.681702024154095e-09
4237.0,2.680938210318759e-09
4238.0,2.6109295553018936e-09
4239.0,2.610295674975455e-09
4240.0,2.6096578437009444e-09
4241.0,2.6096570710478698e-09
4242.0,2.609008417534154e-09
4243.0,2.608355326122117e-09
4244.0,2.608015278895582e-09
4245.0,2.607355099469154e-09
4246.0,2.6070044673869224e-09
4247.0,2.8136158233781536e-09
4248.0,2.8131685516105435e-09
4249.0,2.812711869826223e-09
4250.0,2.812253257871281e-09
4251.0,2.811788409958051e-09
4252.0,2.811005434390855e-09
4253.0,2.810529456845906e-09
4254.0,2.8097372530127645e-09
4255.0,2.809250902098932e-09
4256.0,2.9521410983081907e-09
4257.0,2.951366040560753e-09
4258.0,2.950898450483556e-09
4259.0,2.9504211965604922e-09
4260.0,2.9496304196472977e-09
4261.0,2.9491454019673644e-09
4262.0,2.9486514915215793e-09
4263.0,2.94784847956264e-09
4264.0,2.947346994365696e-09
4265.0,3.0700318394221014e-09
4266.0,3.0695854591116117e-09
4267.0,3.0691329635911253e-09
4268.0,3.0683707170487872e-09
4269.0,3.067603603402111e-09
4270.0,3.067133513097556e-09
4271.0,3.0663555384607647e-09
4272.0,3.0658741440241006e-09
4273.0,3.0653862176592166e-09
4274.0,3.3137142147961215e-09
4275.0,3.313039715160851e-09
4276.0,3.3126551311683025e-09
4277.0,3.3119651912183522e-09
4278.0,3.3109751037459724e-09
4279.0,3.3105711949762997e-09
4280.0,3.3098637673467893e-09
4281.0,3.309449813023411e-09
4282.0,3.3087342284118062e-09
4283.0,3.854421933393797e-09
4284.0,3.853830354792967e-09
4285.0,3.8529326144596406e-09
4286.0,3.852327146794941e-09
4287.0,3.8514214824309365e-09
4288.0,3.850800718076316e-09
4289.0,3.849881753798051e-09
4290.0,3.848956875105168e-09
4291.0,3.848312237061782e-09
4292.0,5.0496096358790155e-09
4293.0,5.048702073835398e-09
4294.0,5.0477857001889134e-09
4295.0,5.046865666741996e-09
4296.0,5.045931829258389e-09
4297.0,5.044700477721015e-09
4298.0,5.043748946468113e-09
4299.0,5.042787876761149e-09
4300.0,5.0418193469398595e-09
4301.0,5.0405607405266595e-09
4302.0,7.2931883035698675e-09
4303.0,7.2916460727677995e-09
4304.0,7.290099513112531e-09
4305.0,7.2890996425972855e-09
4306.0,7.287521835695395e-09
4307.0,7.2859370056208805e-09
4308.0,7.284617707162764e-09
4309.0,7.283290460066067e-09
4310.0,7.281945297186554e-09
4311.0,1.1095656362052332e-08
4312.0,1.1093311850775501e-08
4313.0,1.1091239738219826e-08
4314.0,1.1089151536129354e-08
4315.0,1.1086750101545475e-08
4316.0,1.1084624112772513e-08
4317.0,1.10824651283817e-08
4318.0,1.1080301316311448e-08
4319.0,1.107811768743323e-08
4320.0,1.7109345876000437e-08
4321.0,1.710587730220571e-08
4322.0,1.710238528596947e-08
4323.0,1.709913750986877e-08
4324.0,1.709584254370257e-08
4325.0,1.7092540133268195e-08
4326.0,1.7089210648171736e-08
4327.0,1.708557562126137e-08
4328.0,1.7082189760551718e-08
4329.0,1.7079028877343776e-08
4330.0,2.657539776647611e-08
4331.0,2.65700041040798e-08
4332.0,2.656511022763494e-08
4333.0,2.655989885101475e-08
4334.0,2.6554651208983267e-08
4335.0,2.654908358084438e-08
4336.0,2.6544266070054735e-08
4337.0,2.6538885529636983e-08
4338.0,2.6533737094903474e-08
4339.0,4.149303059037216e-08
4340.0,4.1484632581758784e-08
4341.0,4.1476972251942035e-08
4342.0,4.146843859704845e-08
4343.0,4.146064835216131e-08
4344.0,4.145225412857965e-08
4345.0,4.144432732369614e-08
4346.0,4.143603279757041e-08
4347.0,4.1427978508724466e-08
4348.0,6.508011849700298e-08
4349.0,6.506769275438327e-08
4350.0,6.50551895646869e-08
4351.0,6.504283645459394e-08
4352.0,6.503013037924765e-08
4353.0,6.501783769535739e-08
4354.0,6.500513219056205e-08
4355.0,6.499263775476808e-08
4356.0,6.498032894799021e-08
4357.0,6.496763420543234e-08
4358.0,1.0119703120491628e-07
4359.0,1.0117883880137516e-07
4360.0,1.0115984235052844e-07
4361.0,1.0114160469006063e-07
4362.0,1.0112322300620644e-07
4363.0,1.0110492072420931e-07
4364.0,1.0108647542713165e-07
4365.0,1.010680145005048e-07
4366.0,1.010492666507172e-07
4367.0,1.494502257178949e-07
4368.0,1.49425284214345e-07
4369.0,1.4939994218139616e-07
4370.0,1.493752163379049e-07
4371.0,1.4935006431803926e-07
4372.0,1.4932486091689119e-07
4373.0,1.4930021315728062e-07
4374.0,1.49274624058325e-07
4375.0,1.4925004803675615e-07
4376.0,1.4922482058609425e-07
4377.0,1.9788120635705687e-07
4378.0,1.978507459295564e-07
4379.0,1.9782016488572382e-07
4380.0,1.9778963603121814e-07
4381.0,1.977592463863729e-07
4382.0,1.9772890850041044e-07
4383.0,1.9769822144930173e-07
4384.0,1.9766771214402915e-07
4385.0,1.9763688411096845e-07
4386.0,2.393391479797179e-07
4387.0,2.3930450184291234e-07
4388.0,2.392701437293323e-07
4389.0,2.392358616517816e-07
4390.0,2.3920123477283906e-07
4391.0,2.391667319057002e-07
4392.0,2.391327023320677e-07
4393.0,2.39097980476803e-07
4394.0,2.3906373143059995e-07
4395.0,2.3902935012547074e-07
4396.0,2.780063245393411e-07
4397.0,2.779685583248024e-07
4398.0,2.7793120128674026e-07
4399.0,2.7789337547322224e-07
4400.0,2.778559580496663e-07
4401.0,2.7781832874534654e-07
4402.0,2.777808334803665e-07
4403.0,2.7774314646157406e-07
4404.0,2.777049429370139e-07
4405.0,2.776674352379937e-07
4406.0,3.2306236922447257e-07
4407.0,3.2302098000915796e-07
4408.0,3.2298017140806303e-07
4409.0,3.229390553427523e-07
4410.0,3.2289808294419037e-07
4411.0,3.228573067599716e-07
4412.0,3.2281610474500966e-07
4413.0,3.227751634862964e-07
4414.0,3.2273423421913154e-07
4415.0,3.226933171436791e-07
4416.0,3.9237714361984705e-07
4417.0,3.923314363766614e-07
4418.0,3.922854253781586e-07
4419.0,3.922398707687019e-07
4420.0,3.9219426580016765e-07
4421.0,3.921485314608565e-07
4422.0,3.921028275557602e-07
4423.0,3.9205642767439285e-07
4424.0,3.9201087855391824e-07
4425.0,4.922690306897528e-07
4426.0,4.922170433927895e-07
4427.0,4.921650481252083e-07
4428.0,4.92112820277804e-07
4429.0,4.920609436052518e-07
4430.0,4.920089392407033e-07
4431.0,4.91956928589036e-07
4432.0,4.919047777406794e-07
4433.0,4.918529907834576e-07
4434.0,4.918012255796577e-07
4435.0,6.175612981915502e-07
4436.0,6.175013694430934e-07
4437.0,6.174415698032753e-07
4438.0,6.173817818251703e-07
4439.0,6.173218269157115e-07
4440.0,6.172617887860782e-07
4441.0,6.172022714856308e-07
4442.0,6.171423761106676e-07
4443.0,6.170808758721023e-07
4444.0,6.170211270408718e-07
4445.0,7.408856281255341e-07
4446.0,7.408172142223847e-07
4447.0,7.407498620521864e-07
4448.0,7.40681787099615e-07
4449.0,7.406140142719094e-07
4450.0,7.405460329276627e-07
4451.0,7.404780988578276e-07
4452.0,7.404106384841476e-07
4453.0,7.40343052103117e-07
4454.0,7.402751784207229e-07
4455.0,8.397821531499821e-07
4456.0,8.397066439123021e-07
4457.0,8.396325744945838e-07
4458.0,8.395576946286446e-07
4459.0,8.394828234804964e-07
4460.0,8.394083166040261e-07
4461.0,8.393336153835478e-07
4462.0,8.392589740434061e-07
4463.0,8.391808056323085e-07
4464.0,8.391067952949231e-07
4465.0,9.325336998662156e-07
4466.0,9.324530274933238e-07
4467.0,9.323722698659864e-07
4468.0,9.322918950954013e-07
4469.0,9.322109892313213e-07
4470.0,9.321304060258575e-07
4471.0,9.320495478346751e-07
4472.0,9.319685279203264e-07
4473.0,9.318884541637927e-07
4474.0,9.318075443845786e-07
4475.0,1.0468348102733506e-06
4476.0,1.0467478260994626e-06
4477.0,1.0466610218993576e-06
4478.0,1.046574164680731e-06
4479.0,1.0464869011455375e-06
4480.0,1.046400172706239e-06
4481.0,1.0463133725127047e-06
4482.0,1.0462264612844203e-06
4483.0,1.0461337618811256e-06
4484.0,1.0460472430294388e-06
4485.0,1.1730368569808657e-06
4486.0,1.1729442625149046e-06
4487.0,1.1728514369824513e-06
4488.0,1.1727585887399196e-06
4489.0,1.1726659702706472e-06
4490.0,1.1725731241216597e-06
4491.0,1.1724804621786135e-06
4492.0,1.1723877792187992e-06
4493.0,1.1722954401315279e-06
4494.0,1.1722027164765374e-06
4495.0,1.2416544546628552e-06
4496.0,1.2415586124825402e-06
4497.0,1.2414628694001146e-06
4498.0,1.2413667258352477e-06
4499.0,1.2412709325818933e-06
4500.0,1.2411756796999843e-06
4501.0,1.2410799328030102e-06
4502.0,1.2409840384392264e-06
4503.0,1.2408837321691147e-06
4504.0,1.2407878965319892e-06
4505.0,1.2681041833103705e-06
4506.0,1.2680071923133942e-06
4507.0,1.267910004070361e-06
4508.0,1.2678138167591746e-06
4509.0,1.2677168338930854e-06
4510.0,1.2676196563829462e-06
4511.0,1.2675228809578612e-06
4512.0,1.2674261916573509e-06
4513.0,1.267329623241559e-06
4514.0,1.2672323052585122e-06
4515.0,1.298951339823426e-06
4516.0,1.2988531856879003e-06
4517.0,1.2987556265460444e-06
4518.0,1.2986575708475104e-06
4519.0,1.2985597493839983e-06
4520.0,1.2984617938687519e-06
4521.0,1.2983640815138008e-06
4522.0,1.298266227329477e-06
4523.0,1.2981584618949997e-06
4524.0,1.2980609683217156e-06
4525.0,1.3652582455772912e-06
4526.0,1.3651585194413068e-06
4527.0,1.3650586491384216e-06
4528.0,1.3649583474802351e-06
4529.0,1.3648580973112416e-06
4530.0,1.3647584739552864e-06
4531.0,1.364658518289467e-06
4532.0,1.364559187534972e-06
4533.0,1.3644590479757337e-06
4534.0,1.3643593429519339e-06
4535.0,1.3642595002278631e-06
4536.0,1.5152281244737107e-06
4537.0,1.5151243191486027e-06
4538.0,1.5150200122095416e-06
4539.0,1.5149155265743833e-06
4540.0,1.5148114731272405e-06
4541.0,1.514707107911703e-06
4542.0,1.514602778373944e-06
4543.0,1.5144984313946108e-06
4544.0,1.5143767883473559e-06
4545.0,1.514272255156094e-06
4546.0,1.747388129499186e-06
4547.0,1.7472784826590582e-06
4548.0,1.7471680531956854e-06
4549.0,1.7470585706631347e-06
4550.0,1.7469485967897433e-06
4551.0,1.7468389453475455e-06
4552.0,1.746729138724813e-06
4553.0,1.746619133389766e-06
4554.0,1.7465097329768118e-06
4555.0,1.7463996603560217e-06
4556.0,2.042035418918971e-06
4557.0,2.041919871858603e-06
4558.0,2.041804823310737e-06
4559.0,2.041689228091531e-06
4560.0,2.0415737364900057e-06
4561.0,2.0414590236330436e-06
4562.0,2.0413428133412302e-06
4563.0,2.0412281806967598e-06
4564.0,2.041112532512769e-06
4565.0,2.0409442101905717e-06
4566.0,2.0408287392900573e-06
4567.0,2.377829578469794e-06
4568.0,2.3777085641909147e-06
4569.0,2.3775878154176426e-06
4570.0,2.3774659994457783e-06
4571.0,2.377345714758637e-06
4572.0,2.3772247392777026e-06
4573.0,2.377104506587505e-06
4574.0,2.3769840621149198e-06
4575.0,2.376862562237598e-06
4576.0,2.3767421748342003e-06
4577.0,2.748347631824415e-06
4578.0,2.748219768978443e-06
4579.0,2.748092138142179e-06
4580.0,2.7479646231884626e-06
4581.0,2.747837025951617e-06
4582.0,2.747709710047779e-06
4583.0,2.7475819110794105e-06
4584.0,2.747454669628708e-06
4585.0,2.747327184909225e-06
4586.0,2.7470590865352227e-06
4587.0,2.746931520372745e-06
4588.0,3.110617080849047e-06
4589.0,3.110482148750521e-06
4590.0,3.11034745020295e-06
4591.0,3.1102130679802864e-06
4592.0,3.110078235988458e-06
4593.0,3.1099437354446847e-06
4594.0,3.1098092050191655e-06
4595.0,3.109674602861629e-06
4596.0,3.1095400005452507e-06
4597.0,3.1094055073264346e-06
4598.0,3.4457232242894577e-06
4599.0,3.4455823515438177e-06
4600.0,3.4454414585755114e-06
4601.0,3.4453010163072647e-06
4602.0,3.4451601297775434e-06
4603.0,3.4450194597621637e-06
4604.0,3.4448789332872598e-06
4605.0,3.4447382009965833e-06
4606.0,3.4445979188775917e-06
4607.0,3.4440861806781914e-06
4608.0,3.4439457375837954e-06
4609.0,3.7683243734912137e-06
4610.0,3.7681802994546487e-06
4611.0,3.768035954125007e-06
4612.0,3.7678919870731987e-06
4613.0,3.767747426951575e-06
4614.0,3.7676034749585705e-06
4615.0,3.767459164712213e-06
4616.0,3.767315460804543e-06
4617.0,3.767171261755828e-06
4618.0,3.767027671071147e-06
4619.0,4.094904676002512e-06
4620.0,4.094759046305155e-06
4621.0,4.094613064804546e-06
4622.0,4.094467206486634e-06
4623.0,4.094321861633235e-06
4624.0,4.094176168470791e-06
4625.0,4.094030827451951e-06
4626.0,4.093885146484231e-06
4627.0,4.093739806272968e-06
4628.0,4.092784168222714e-06
4629.0,4.092638758740805e-06
4630.0,4.429885052722188e-06
4631.0,4.429741031074086e-06
4632.0,4.4295968418462645e-06
4633.0,4.42945329125258e-06
4634.0,4.429309347394344e-06
4635.0,4.429165162872943e-06
4636.0,4.429021240490562e-06
4637.0,4.428877381079479e-06
4638.0,4.428733931942965e-06
4639.0,4.42859009653144e-06
4640.0,4.428446747420695e-06
4641.0,4.707371381201644e-06
4642.0,4.707228558879352e-06
4643.0,4.707086597093277e-06
4644.0,4.706943882117476e-06
4645.0,4.706800978575689e-06
4646.0,4.706658286566492e-06
4647.0,4.706516472658319e-06
4648.0,4.706373804837917e-06
4649.0,4.7062316573145405e-06
4650.0,4.704977016205863e-06
4651.0,4.70483515106827e-06
4652.0,4.755930345846244e-06
4653.0,4.755773517261091e-06
4654.0,4.755616976520676e-06
4655.0,4.7554603654355746e-06
4656.0,4.755304261482653e-06
4657.0,4.755147567992435e-06
4658.0,4.754991071435581e-06
4659.0,4.754834518694738e-06
4660.0,4.754677635318311e-06
4661.0,4.754521913234902e-06
4662.0,4.754365391592651e-06
4663.0,4.455684649084618e-06
4664.0,4.455493992381194e-06
4665.0,4.455303885707442e-06
4666.0,4.455113013846391e-06
4667.0,4.4549229539809845e-06
4668.0,4.454732357874299e-06
4669.0,4.454542133805497e-06
4670.0,4.454352029069792e-06
4671.0,4.452690653632293e-06
4672.0,4.452500893861083e-06
4673.0,4.018703406064893e-06
4674.0,4.018485162832971e-06
4675.0,4.0182671230308045e-06
4676.0,4.018049073641792e-06
4677.0,4.017831228731661e-06
4678.0,4.017613306652983e-06
4679.0,4.0173955908259725e-06
4680.0,4.017177867582444e-06
4681.0,4.016960002720175e-06
4682.0,4.0167424137614145e-06
4683.0,4.0165249615475465e-06
4684.0,3.513649136676135e-06
4685.0,3.5134139710512265e-06
4686.0,3.513178825379881e-06
4687.0,3.512943875045427e-06
4688.0,3.5127086636027584e-06
4689.0,3.5124736839183126e-06
4690.0,3.5122388952058466e-06
4691.0,3.5120040981837344e-06
4692.0,3.5117694934682633e-06
4693.0,3.5108585533376075e-06
4694.0,3.5106241410268e-06
4695.0,3.193879740416102e-06
4696.0,3.19364700013884e-06
4697.0,3.193414372155379e-06
4698.0,3.1931816162661886e-06
4699.0,3.192949267466427e-06
4700.0,3.192716700569656e-06
4701.0,3.192484340889893e-06
4702.0,3.1922522578175886e-06
4703.0,3.1920198093080255e-06
4704.0,3.191787520537026e-06
4705.0,3.1915552692483487e-06
4706.0,3.0488856501150592e-06
4707.0,3.048654401443134e-06
4708.0,3.0484234873416394e-06
4709.0,3.0481924241347337e-06
4710.0,3.0479616174629106e-06
4711.0,3.047730694781065e-06
4712.0,3.0474997936943485e-06
4713.0,3.047269180586802e-06
4714.0,3.0470384249447478e-06
4715.0,3.0460561213154917e-06
4716.0,3.0458259314100616e-06
4717.0,2.9985031993514005e-06
4718.0,2.9982756806830546e-06
4719.0,2.9980482136126007e-06
4720.0,2.997821110014673e-06
4721.0,2.9975935793482546e-06
4722.0,2.997366570655433e-06
4723.0,2.997139266261034e-06
4724.0,2.9969121693735056e-06
4725.0,2.9966851586559027e-06
4726.0,2.99645816337075e-06
4727.0,2.9962310713351946e-06
4728.0,2.996004216381385e-06
4729.0,2.999127447808125e-06
4730.0,2.998901319132157e-06
4731.0,2.998675615376521e-06
4732.0,2.9984497731380016e-06
4733.0,2.9982243549150065e-06
4734.0,2.9979985805683666e-06
4735.0,2.9977730757261234e-06
4736.0,2.997547431489252e-06
4737.0,2.9973221534573477e-06
4738.0,2.996184240741552e-06
4739.0,2.9959592046419455e-06
4740.0,2.9765617912087284e-06
4741.0,2.9763392040469804e-06
4742.0,2.9761163117980416e-06
4743.0,2.9758934156110145e-06
4744.0,2.9756710182262546e-06
4745.0,2.97544843075415e-06
4746.0,2.9752260410711307e-06
4747.0,2.975003613672553e-06
4748.0,2.974781076800894e-06
4749.0,2.9745589613632077e-06
4750.0,2.9743365890703907e-06
4751.0,2.9572156443177134e-06
4752.0,2.956995558361439e-06
4753.0,2.956775557483092e-06
4754.0,2.9565552525565833e-06
4755.0,2.9563354204318827e-06
4756.0,2.9561155082512515e-06
4757.0,2.955895555371394e-06
4758.0,2.9556757232264475e-06
4759.0,2.9554558905233937e-06
4760.0,2.9542054257118314e-06
4761.0,2.953986163459276e-06
4762.0,2.928482854675821e-06
4763.0,2.9282683314539766e-06
4764.0,2.928054320802661e-06
4765.0,2.927841183682987e-06
4766.0,2.9276271918594075e-06
4767.0,2.9274126693127587e-06
4768.0,2.9271986595764208e-06
4769.0,2.92698552152426e-06
4770.0,2.9267715385296734e-06
4771.0,2.9265584264277883e-06
4772.0,2.9263442509910354e-06
4773.0,2.9261313044049604e-06
4774.0,2.9074013787588585e-06
4775.0,2.9071965598863363e-06
4776.0,2.906992063005201e-06
4777.0,2.906788599773394e-06
4778.0,2.9065840938847272e-06
4779.0,2.90637914625979e-06
4780.0,2.9061746995011822e-06
4781.0,2.9059711688756764e-06
4782.0,2.905766896783957e-06
4783.0,2.9037525582383526e-06
4784.0,2.9035496800732095e-06
4785.0,2.906986395180069e-06
4786.0,2.9067973237195405e-06
4787.0,2.9066061905857077e-06
4788.0,2.9064172054812247e-06
4789.0,2.9062271552322265e-06
4790.0,2.9060368066931496e-06
4791.0,2.905846911887847e-06
4792.0,2.9056576436808355e-06
4793.0,2.9054676688726625e-06
4794.0,2.9052782086152725e-06
4795.0,2.905089546648399e-06
4796.0,2.904900008443183e-06
4797.0,2.8346871014392864e-06
4798.0,2.8345192094661996e-06
4799.0,2.8343522820977987e-06
4800.0,2.834184548336987e-06
4801.0,2.8340172615595853e-06
4802.0,2.833849813009491e-06
4803.0,2.8336813939837507e-06
4804.0,2.8335148384435627e-06
4805.0,2.833347826177127e-06
4806.0,2.8320170284952077e-06
4807.0,2.8318506765489648e-06
4808.0,2.764065371763992e-06
4809.0,2.7639180017575785e-06
4810.0,2.763769381600436e-06
4811.0,2.7636222484151502e-06
4812.0,2.7634752060058296e-06
4813.0,2.7633276067967313e-06
4814.0,2.7631808004913946e-06
4815.0,2.7630324447634816e-06
4816.0,2.7628858766935093e-06
4817.0,2.7627382393279328e-06
4818.0,2.7625917276954617e-06
4819.0,2.762444498930233e-06
4820.0,2.7554140010717405e-06
4821.0,2.7552794555149467e-06
4822.0,2.755144192837951e-06
4823.0,2.7550088817359554e-06
4824.0,2.754873628835191e-06
4825.0,2.7547381630696178e-06
4826.0,2.7546029421209565e-06
4827.0,2.754468461044301e-06
4828.0,2.754333602677083e-06
4829.0,2.752290195423845e-06
4830.0,2.7521557648277796e-06
4831.0,2.788991217916235e-06
4832.0,2.788865582190302e-06
4833.0,2.7887393070591577e-06
4834.0,2.788613222036858e-06
4835.0,2.788487817462149e-06
4836.0,2.7883619333499095e-06
4837.0,2.7882364018219896e-06
4838.0,2.7881107196406467e-06
4839.0,2.787984907751898e-06
4840.0,2.7878599288604317e-06
4841.0,2.7877341573643027e-06
4842.0,2.787609055517381e-06
4843.0,2.9450672470259623e-06
4844.0,2.9449436519480624e-06
4845.0,2.9448207783981164e-06
4846.0,2.944696334041552e-06
4847.0,2.944574044331577e-06
4848.0,2.9444503720073665e-06
4849.0,2.9443274194686375e-06
4850.0,2.9442043320585467e-06
4851.0,2.944080859753441e-06
4852.0,2.9439571181204724e-06
4853.0,2.9414531383000815e-06
4854.0,2.9413312887711165e-06
4855.0,3.165426735653969e-06
4856.0,3.1653054018798483e-06
4857.0,3.1651843562049945e-06
4858.0,3.16506329111071e-06
4859.0,3.1649423802661674e-06
4860.0,3.1648214502946136e-06
4861.0,3.1647005020619582e-06
4862.0,3.1645795490617186e-06
4863.0,3.1644587248674855e-06
4864.0,3.164337908857992e-06
4865.0,3.1642169311298762e-06
4866.0,3.1640962151856453e-06
4867.0,3.4381502994154275e-06
4868.0,3.438031504305253e-06
4869.0,3.4379125674664184e-06
4870.0,3.437793841537667e-06
4871.0,3.4376749945230804e-06
4872.0,3.4375561830762553e-06
4873.0,3.437437565221891e-06
4874.0,3.437319020098804e-06
4875.0,3.437200318952661e-06
4876.0,3.4317386711950093e-06
4877.0,3.431621443053682e-06
4878.0,3.4315041217259514e-06
4879.0,3.737069956555094e-06
4880.0,3.7369606602030113e-06
4881.0,3.736851543821848e-06
4882.0,3.7367421692954545e-06
4883.0,3.7366329086563517e-06
4884.0,3.7365238667857917e-06
4885.0,3.7364147217905005e-06
4886.0,3.7363054995578274e-06
4887.0,3.7361963184940014e-06
4888.0,3.7360870962009042e-06
4889.0,3.7359782833462277e-06
4890.0,3.9921365817719815e-06
4891.0,3.992037749353879e-06
4892.0,3.991939626650937e-06
4893.0,3.991840830328851e-06
4894.0,3.991742390824277e-06
4895.0,3.991643899613468e-06
4896.0,3.991545496935978e-06
4897.0,3.99144719748303e-06
4898.0,3.9913486783606344e-06
4899.0,3.9912504169756514e-06
4900.0,3.97842580149036e-06
4901.0,3.978330342795267e-06
4902.0,4.123101331948269e-06
4903.0,4.123020458732378e-06
4904.0,4.122939536634091e-06
4905.0,4.1228582029062225e-06
4906.0,4.122777611089012e-06
4907.0,4.12269691329658e-06
4908.0,4.122615799688965e-06
4909.0,4.122534766094891e-06
4910.0,4.122453983407705e-06
4911.0,4.1223732802554645e-06
4912.0,4.122292467281401e-06
4913.0,4.122211305752852e-06
4914.0,4.122130703433805e-06
4915.0,4.097537143569988e-06
4916.0,4.097467244143156e-06
4917.0,4.097397526246882e-06
4918.0,4.097327424565038e-06
4919.0,4.097257834498399e-06
4920.0,4.097187640170729e-06
4921.0,4.097118220165366e-06
4922.0,4.097048418452623e-06
4923.0,4.096978606725055e-06
4924.0,4.086833007238966e-06
4925.0,4.086765282143705e-06
4926.0,4.086697517489641e-06
4927.0,3.886460637613966e-06
4928.0,3.8864029968574185e-06
4929.0,3.8863451865999456e-06
4930.0,3.886287519102871e-06
4931.0,3.886229835733483e-06
4932.0,3.886172441725603e-06
4933.0,3.8861145040068974e-06
4934.0,3.88605686670859e-06
4935.0,3.885999496420217e-06
4936.0,3.885941974984898e-06
4937.0,3.885884297770895e-06
4938.0,3.88582689260951e-06
4939.0,3.7022958999051637e-06
4940.0,3.702240999749301e-06
4941.0,3.7021862431343353e-06
4942.0,3.702131339459627e-06
4943.0,3.7020765785698906e-06
4944.0,3.702022009101331e-06
4945.0,3.7019671496493783e-06
4946.0,3.7019127683156877e-06
4947.0,3.7018580013271513e-06
4948.0,3.701803329220776e-06
4949.0,3.6853620985859247e-06
4950.0,3.685310658339533e-06
4951.0,3.5805668516932514e-06
4952.0,3.5805194008327824e-06
4953.0,3.5804715778889102e-06
4954.0,3.580423907484413e-06
4955.0,3.5803751430815792e-06
4956.0,3.5803279518574927e-06
4957.0,3.5802793211849053e-06
4958.0,3.580231565932074e-06
4959.0,3.580185175036298e-06
4960.0,3.5801363108700295e-06
4961.0,3.580089528922531e-06
4962.0,3.5800409714407516e-06
4963.0,3.590385703809208e-06
4964.0,3.590339802889667e-06
4965.0,3.5902935194555166e-06
4966.0,3.5902482381313628e-06
4967.0,3.590201002656153e-06
4968.0,3.5901549592871837e-06
4969.0,3.590109741682999e-06
4970.0,3.5900636270848765e-06
4971.0,3.590017460274481e-06
4972.0,3.5899716196991478e-06
4973.0,3.577583652295796e-06
4974.0,3.5775401248018818e-06
4975.0,3.5774956937881163e-06
4976.0,3.510736930551391e-06
4977.0,3.510695328309378e-06
4978.0,3.5106536026269e-06
4979.0,3.510612396402842e-06
4980.0,3.5105712266409163e-06
4981.0,3.5105304136316483e-06
4982.0,3.510489636212413e-06
4983.0,3.510448574889249e-06
4984.0,3.5104073904216757e-06
4985.0,3.510366720705706e-06
4986.0,3.510324723323177e-06
4987.0,3.510283649627905e-06
4988.0,3.33969044051918e-06
4989.0,3.3396479956807844e-06
4990.0,3.339605611229793e-06
4991.0,3.3395646370917397e-06
4992.0,3.33952237137819e-06
4993.0,3.3394788191060565e-06
4994.0,3.3394366751105568e-06
4995.0,3.339394590956462e-06
4996.0,3.33935256653521e-06
4997.0,3.3393106017384503e-06
4998.0,3.3296142316011735e-06
4999.0,3.329575149011931e-06
5000.0,3.3295334589764254e-06
